{
  "project_info": {
    "project_number": "127160609467",
    "firebase_url": "https://signfiftyoneman-default-rtdb.asia-southeast1.firebasedatabase.app",
    "project_id": "signfiftyoneman",
    "storage_bucket": "signfiftyoneman.appspot.com"
  },
  "client": [
    {
      "client_info": {
        "mobilesdk_app_id": "1:127160609467:android:6f53c4461e31882cc4179e",
        "android_client_info": {
          "package_name": "com.example.fiftyoneman"
        }
      },
      "oauth_client": [
        {
          "client_id": "127160609467-so7dkenoran7j719knu1elq7kr93gqfj.apps.googleusercontent.com",
          "client_type": 1,
          "android_info": {
            "package_name": "com.example.fiftyoneman",
            "certificate_hash": "d796d1da53307a721a77521fb5b2d448b5f0529f"
          }
        },
        {
          "client_id": "127160609467-2dnpn5648r027e42enev9kfrevmctavo.apps.googleusercontent.com",
          "client_type": 3
        }
      ],
      "api_key": [
        {
          "current_key": "AIzaSyA35RCnC-jVNbpVgCByghIWtbBf8H2ZkEA"
        }
      ],
      "services": {
        "appinvite_service": {
          "other_platform_oauth_client": [
            {
              "client_id": "127160609467-2dnpn5648r027e42enev9kfrevmctavo.apps.googleusercontent.com",
              "client_type": 3
            }
          ]
        }
      }
    }
  ],
  "configuration_version": "1"
}